fpr,tpr,threshold
0.000000,0.000000,inf
0.000000,0.113297,1.000000
0.000000,0.115450,1.000000
0.000000,0.116360,1.000000
0.000000,0.117040,1.000000
0.000000,0.117617,1.000000
0.000000,0.118100,1.000000
0.000000,0.118670,1.000000
0.000000,0.119113,1.000000
0.000000,0.119597,1.000000
0.000000,0.120030,1.000000
0.000000,0.120477,1.000000
0.000000,0.120910,1.000000
0.000000,0.121377,1.000000
0.000000,0.121860,1.000000
0.000000,0.122537,1.000000
0.000000,0.122970,1.000000
0.000000,0.123697,1.000000
0.000000,0.124850,1.000000
0.000000,0.125880,1.000000
0.000000,0.126580,1.000000
0.000000,0.127160,1.000000
0.000000,0.131570,1.000000
0.000150,0.484020,0.982567
0.000567,0.703093,0.683254
0.000983,0.748077,0.497991
0.001550,0.767153,0.395300
0.001983,0.770080,0.381174
0.002400,0.778447,0.340269
0.002817,0.784080,0.315166
0.003233,0.787387,0.301013
0.003650,0.791943,0.283114
0.004067,0.794887,0.272027
0.004500,0.798263,0.259659
0.004933,0.800650,0.249582
0.005367,0.802153,0.243050
0.005817,0.803910,0.235172
0.006283,0.806060,0.226516
0.006700,0.807510,0.219211
0.007133,0.809617,0.208859
0.007583,0.811433,0.201386
0.008017,0.813670,0.193457
0.008467,0.815263,0.188935
0.008933,0.816313,0.185550
0.009383,0.817730,0.180922
0.009800,0.819260,0.176445
0.010233,0.820723,0.172088
0.010667,0.822360,0.167879
0.011083,0.824050,0.163619
0.011533,0.825710,0.158683
0.011967,0.827937,0.152490
0.012433,0.829060,0.149228
0.012917,0.830223,0.145566
0.013367,0.831860,0.140860
0.013800,0.833510,0.135900
0.014233,0.835307,0.129902
0.014683,0.837533,0.124336
0.015100,0.839520,0.118443
0.015533,0.842400,0.110760
0.015967,0.844693,0.104551
0.016450,0.845963,0.101097
0.016883,0.847050,0.098773
0.017333,0.848187,0.096354
0.017833,0.848610,0.095643
0.018250,0.849600,0.093610
0.018700,0.850917,0.091627
0.019133,0.852423,0.089426
0.019583,0.853957,0.087430
0.020000,0.855280,0.085026
0.020450,0.857067,0.082532
0.020917,0.858013,0.080988
0.021350,0.859263,0.078591
0.021783,0.860393,0.076713
0.022267,0.861850,0.074565
0.022683,0.862877,0.073087
0.023100,0.864760,0.071207
0.023600,0.866670,0.069522
0.024100,0.867873,0.068302
0.024550,0.869023,0.067161
0.025050,0.870043,0.066090
0.025467,0.871110,0.065110
0.025933,0.872267,0.064225
0.026367,0.872997,0.063771
0.026833,0.873873,0.063204
0.027283,0.874930,0.062561
0.027733,0.876047,0.061842
0.028183,0.877117,0.061141
0.028617,0.878157,0.060522
0.029050,0.879073,0.059924
0.029483,0.879967,0.059371
0.029950,0.880603,0.058858
0.030400,0.881200,0.058390
0.030850,0.882220,0.057678
0.031317,0.883033,0.057127
0.031833,0.884090,0.056435
0.032283,0.885120,0.055823
0.032717,0.886160,0.055201
0.033183,0.887013,0.054608
0.033617,0.888260,0.053724
0.034033,0.889053,0.053207
0.034450,0.890020,0.052640
0.034867,0.891243,0.051957
0.035317,0.892790,0.051237
0.035750,0.893863,0.050758
0.036167,0.895327,0.050119
0.036583,0.897297,0.049170
0.037017,0.899113,0.048291
0.037467,0.900160,0.047666
0.037900,0.902000,0.046783
0.038333,0.903523,0.046098
0.038783,0.904333,0.045550
0.039200,0.905630,0.044971
0.039667,0.906487,0.044606
0.040150,0.907457,0.044212
0.040567,0.908757,0.043690
0.040983,0.909800,0.043254
0.041467,0.910750,0.042778
0.041933,0.911310,0.042453
0.042383,0.912347,0.041832
0.042833,0.913640,0.040917
0.043283,0.914310,0.040507
0.043767,0.915213,0.039915
0.044217,0.915993,0.039398
0.044700,0.916860,0.038812
0.045200,0.917373,0.038362
0.045667,0.918123,0.037649
0.046133,0.918767,0.037046
0.046600,0.919187,0.036741
0.047083,0.919817,0.036260
0.047567,0.920277,0.035861
0.048017,0.920777,0.035434
0.048483,0.921303,0.035108
0.049000,0.922097,0.034600
0.049450,0.922897,0.034045
0.049933,0.923630,0.033494
0.050583,0.924043,0.033092
0.051067,0.924570,0.032666
0.051550,0.925087,0.032323
0.052017,0.925760,0.031868
0.052533,0.926310,0.031416
0.052983,0.926717,0.031072
0.053433,0.927303,0.030575
0.054017,0.927717,0.030089
0.054533,0.928260,0.029567
0.055050,0.928640,0.029211
0.055500,0.928957,0.028967
0.056017,0.929363,0.028662
0.056533,0.929940,0.028213
0.057117,0.930400,0.027836
0.057683,0.930800,0.027479
0.058217,0.931110,0.027183
0.058783,0.931467,0.026818
0.059283,0.931857,0.026454
0.059800,0.932180,0.026176
0.060317,0.932560,0.025824
0.060850,0.932830,0.025535
0.061433,0.933233,0.025192
0.061950,0.933440,0.025044
0.062550,0.933767,0.024799
0.063250,0.934020,0.024587
0.063933,0.934217,0.024379
0.064467,0.934620,0.024146
0.065067,0.934920,0.023884
0.065650,0.935167,0.023725
0.066167,0.935457,0.023520
0.066767,0.935713,0.023315
0.067333,0.935930,0.023144
0.067917,0.936280,0.022866
0.068467,0.936557,0.022685
0.069000,0.937027,0.022469
0.069533,0.937297,0.022322
0.070167,0.937630,0.022138
0.070717,0.937943,0.021973
0.071283,0.938203,0.021811
0.071900,0.938483,0.021655
0.072567,0.938800,0.021466
0.073167,0.939063,0.021318
0.073717,0.939293,0.021195
0.074383,0.939513,0.021095
0.075067,0.939773,0.020957
0.075817,0.940027,0.020866
0.076567,0.940220,0.020776
0.077167,0.940443,0.020682
0.077950,0.940653,0.020593
0.078567,0.940887,0.020486
0.079333,0.941130,0.020362
0.080183,0.941290,0.020277
0.080983,0.941520,0.020177
0.081633,0.941760,0.020085
0.082417,0.941953,0.019989
0.083017,0.942180,0.019895
0.083717,0.942397,0.019791
0.084400,0.942613,0.019693
0.084950,0.942773,0.019629
0.085583,0.942977,0.019544
0.086333,0.943193,0.019442
0.086967,0.943370,0.019365
0.087617,0.943590,0.019273
0.088400,0.943750,0.019200
0.089050,0.944007,0.019107
0.089717,0.944253,0.019014
0.090400,0.944407,0.018944
0.091067,0.944610,0.018855
0.091617,0.944753,0.018798
0.092133,0.945030,0.018691
0.092800,0.945220,0.018608
0.093483,0.945450,0.018504
0.094017,0.945707,0.018426
0.094583,0.945977,0.018352
0.095233,0.946147,0.018272
0.095917,0.946297,0.018182
0.096500,0.946580,0.018090
0.097133,0.946787,0.018012
0.097900,0.946973,0.017933
0.098767,0.947167,0.017843
0.099550,0.947353,0.017743
0.100300,0.947553,0.017652
0.101067,0.947787,0.017545
0.101783,0.947963,0.017451
0.102583,0.948127,0.017372
0.103317,0.948360,0.017260
0.103867,0.948570,0.017176
0.104517,0.948803,0.017073
0.105100,0.949017,0.016972
0.105817,0.949167,0.016888
0.106533,0.949363,0.016798
0.107317,0.949533,0.016711
0.108133,0.949737,0.016608
0.109050,0.949923,0.016536
0.109900,0.950107,0.016424
0.110683,0.950273,0.016326
0.111467,0.950453,0.016219
0.112083,0.950657,0.016123
0.112733,0.950903,0.016015
0.113517,0.951120,0.015915
0.114250,0.951300,0.015831
0.115067,0.951530,0.015704
0.115983,0.951730,0.015605
0.116750,0.951910,0.015532
0.117650,0.952033,0.015458
0.118550,0.952217,0.015373
0.119483,0.952360,0.015285
0.120317,0.952540,0.015202
0.121383,0.952713,0.015107
0.122200,0.952873,0.015032
0.122967,0.953070,0.014951
0.123800,0.953213,0.014890
0.124617,0.953377,0.014836
0.125367,0.953560,0.014785
0.126167,0.953733,0.014719
0.127150,0.953910,0.014651
0.127900,0.954060,0.014598
0.128750,0.954210,0.014540
0.129533,0.954353,0.014481
0.130383,0.954530,0.014418
0.131117,0.954680,0.014349
0.131917,0.954823,0.014287
0.132967,0.954950,0.014230
0.133933,0.955100,0.014164
0.134950,0.955223,0.014099
0.135717,0.955350,0.014053
0.136983,0.955513,0.013967
0.137850,0.955647,0.013903
0.139083,0.955767,0.013826
0.140117,0.955900,0.013742
0.140950,0.956057,0.013676
0.142050,0.956187,0.013595
0.143250,0.956340,0.013510
0.144600,0.956477,0.013433
0.145467,0.956590,0.013377
0.146383,0.956700,0.013322
0.147300,0.956817,0.013250
0.148683,0.956943,0.013174
0.149817,0.957077,0.013106
0.150717,0.957197,0.013043
0.151783,0.957337,0.012958
0.152783,0.957463,0.012884
0.153717,0.957590,0.012824
0.154833,0.957727,0.012761
0.156067,0.957857,0.012681
0.157100,0.957997,0.012600
0.158117,0.958160,0.012539
0.159217,0.958293,0.012471
0.160683,0.958467,0.012384
0.161717,0.958620,0.012319
0.162883,0.958770,0.012239
0.164083,0.958903,0.012151
0.165083,0.959013,0.012088
0.165883,0.959190,0.012020
0.166733,0.959367,0.011958
0.167933,0.959497,0.011887
0.169050,0.959650,0.011821
0.170100,0.959817,0.011751
0.171200,0.959967,0.011683
0.172250,0.960117,0.011597
0.173300,0.960230,0.011536
0.174583,0.960333,0.011465
0.175883,0.960487,0.011390
0.176700,0.960637,0.011338
0.177600,0.960840,0.011282
0.178500,0.961023,0.011222
0.179717,0.961153,0.011150
0.180550,0.961257,0.011093
0.181717,0.961380,0.011020
0.182650,0.961503,0.010964
0.183917,0.961637,0.010890
0.185133,0.961767,0.010810
0.186350,0.961890,0.010741
0.187200,0.962027,0.010674
0.188083,0.962180,0.010606
0.189150,0.962290,0.010539
0.190067,0.962443,0.010465
0.190983,0.962600,0.010404
0.191983,0.962777,0.010327
0.192717,0.962950,0.010270
0.193500,0.963077,0.010219
0.194700,0.963220,0.010147
0.195517,0.963390,0.010085
0.196333,0.963557,0.010028
0.197217,0.963693,0.009966
0.198267,0.963830,0.009891
0.199083,0.963987,0.009824
0.201317,0.964087,0.009781
0.204383,0.964187,0.009744
0.206217,0.964307,0.009676
0.210250,0.964403,0.009622
0.214083,0.964517,0.009556
0.215300,0.964677,0.009476
0.216550,0.964813,0.009409
0.217450,0.964923,0.009364
0.218533,0.965043,0.009309
0.219483,0.965170,0.009249
0.220733,0.965273,0.009194
0.221967,0.965410,0.009127
0.223383,0.965543,0.009053
0.224583,0.965670,0.008985
0.225633,0.965820,0.008929
0.226833,0.966000,0.008859
0.228033,0.966103,0.008796
0.229183,0.966227,0.008738
0.230567,0.966337,0.008686
0.231633,0.966477,0.008634
0.233283,0.966597,0.008574
0.234817,0.966707,0.008512
0.235917,0.966817,0.008468
0.237200,0.966947,0.008418
0.238450,0.967073,0.008367
0.240067,0.967183,0.008307
0.241383,0.967300,0.008254
0.243050,0.967413,0.008197
0.244150,0.967537,0.008147
0.245233,0.967673,0.008086
0.246500,0.967787,0.008040
0.247783,0.967920,0.007990
0.248883,0.968057,0.007946
0.249983,0.968157,0.007895
0.251067,0.968273,0.007854
0.252717,0.968383,0.007792
0.254133,0.968510,0.007742
0.255617,0.968627,0.007694
0.256950,0.968727,0.007654
0.258083,0.968830,0.007616
0.259483,0.968940,0.007570
0.260967,0.969057,0.007527
0.261967,0.969163,0.007485
0.263400,0.969290,0.007444
0.264817,0.969410,0.007399
0.266800,0.969543,0.007342
0.268183,0.969677,0.007295
0.269783,0.969800,0.007251
0.271517,0.969900,0.007201
0.273117,0.970030,0.007159
0.274567,0.970163,0.007116
0.276317,0.970267,0.007068
0.277567,0.970380,0.007036
0.278967,0.970493,0.006998
0.280517,0.970597,0.006954
0.282333,0.970710,0.006907
0.283883,0.970810,0.006866
0.285633,0.970907,0.006824
0.287350,0.971030,0.006785
0.289100,0.971140,0.006746
0.291017,0.971293,0.006696
0.293117,0.971390,0.006645
0.295233,0.971500,0.006594
0.296783,0.971607,0.006558
0.298917,0.971703,0.006511
0.301950,0.971810,0.006457
0.303583,0.971903,0.006428
0.305450,0.972017,0.006396
0.308050,0.972127,0.006352
0.310533,0.972217,0.006311
0.312933,0.972327,0.006278
0.316200,0.972420,0.006236
0.319400,0.972520,0.006203
0.321717,0.972613,0.006176
0.324517,0.972717,0.006143
0.326533,0.972817,0.006109
0.328367,0.972917,0.006083
0.330433,0.973013,0.006046
0.331800,0.973117,0.006016
0.333283,0.973213,0.005988
0.335217,0.973323,0.005952
0.337733,0.973430,0.005905
0.339367,0.973543,0.005871
0.341517,0.973650,0.005821
0.343483,0.973763,0.005780
0.345367,0.973857,0.005744
0.347050,0.973970,0.005708
0.349000,0.974093,0.005667
0.351183,0.974193,0.005627
0.353000,0.974303,0.005592
0.355517,0.974413,0.005555
0.357500,0.974523,0.005526
0.359983,0.974620,0.005490
0.362450,0.974723,0.005459
0.365450,0.974823,0.005424
0.368283,0.974940,0.005391
0.370650,0.975043,0.005365
0.374300,0.975150,0.005329
0.378133,0.975243,0.005295
0.380283,0.975337,0.005272
0.383283,0.975450,0.005237
0.386033,0.975550,0.005209
0.388617,0.975640,0.005180
0.390217,0.975743,0.005154
0.391450,0.975843,0.005136
0.396517,0.975937,0.005103
0.398867,0.976030,0.005081
0.401217,0.976133,0.005051
0.403633,0.976220,0.005026
0.406167,0.976347,0.005001
0.408750,0.976463,0.004975
0.412233,0.976553,0.004944
0.414633,0.976643,0.004917
0.415983,0.976753,0.004897
0.419000,0.976863,0.004857
0.420500,0.976987,0.004822
0.422200,0.977103,0.004792
0.424233,0.977207,0.004763
0.426633,0.977327,0.004729
0.428767,0.977427,0.004707
0.430117,0.977573,0.004683
0.431367,0.977687,0.004664
0.433167,0.977797,0.004641
0.436117,0.977907,0.004620
0.438683,0.978010,0.004599
0.440950,0.978127,0.004585
0.443000,0.978230,0.004570
0.445217,0.978340,0.004551
0.447700,0.978443,0.004528
0.449617,0.978543,0.004511
0.450933,0.978657,0.004497
0.452033,0.978780,0.004482
0.453667,0.978893,0.004467
0.455700,0.978993,0.004454
0.458433,0.979093,0.004436
0.459650,0.979217,0.004428
0.460917,0.979310,0.004420
0.463617,0.979427,0.004406
0.465417,0.979533,0.004395
0.466983,0.979640,0.004384
0.468133,0.979757,0.004371
0.469667,0.979890,0.004361
0.471667,0.980013,0.004349
0.473783,0.980130,0.004339
0.475450,0.980243,0.004329
0.477500,0.980340,0.004320
0.479967,0.980450,0.004308
0.483317,0.980567,0.004295
0.487850,0.980670,0.004285
0.492950,0.980777,0.004272
0.496300,0.980887,0.004260
0.500267,0.980970,0.004250
0.504050,0.981057,0.004240
0.514750,0.981140,0.004231
0.520133,0.981230,0.004222
0.522400,0.981327,0.004213
0.524550,0.981423,0.004204
0.526733,0.981523,0.004194
0.528450,0.981617,0.004183
0.529967,0.981733,0.004172
0.531950,0.981830,0.004163
0.534917,0.981940,0.004148
0.537650,0.982040,0.004137
0.539167,0.982157,0.004130
0.541133,0.982270,0.004123
0.542700,0.982373,0.004117
0.544867,0.982480,0.004110
0.546183,0.982590,0.004105
0.548100,0.982757,0.004098
0.550000,0.982850,0.004091
0.552850,0.982960,0.004083
0.555433,0.983070,0.004075
0.557750,0.983163,0.004069
0.560700,0.983257,0.004062
0.564567,0.983353,0.004056
0.568383,0.983437,0.004050
0.572983,0.983523,0.004043
0.577750,0.983610,0.004036
0.583517,0.983700,0.004028
0.587950,0.983790,0.004017
0.590100,0.983887,0.004008
0.592667,0.983990,0.003996
0.594583,0.984110,0.003987
0.596133,0.984217,0.003980
0.598667,0.984313,0.003970
0.601750,0.984423,0.003959
0.603600,0.984517,0.003949
0.604950,0.984643,0.003937
0.606717,0.984763,0.003926
0.608067,0.984893,0.003916
0.609450,0.984983,0.003908
0.610867,0.985073,0.003897
0.613150,0.985180,0.003882
0.616083,0.985287,0.003870
0.618550,0.985377,0.003858
0.621750,0.985480,0.003848
0.626517,0.985570,0.003839
0.629400,0.985663,0.003831
0.631183,0.985763,0.003823
0.632817,0.985883,0.003814
0.635850,0.985977,0.003805
0.638450,0.986083,0.003797
0.640133,0.986200,0.003787
0.641733,0.986307,0.003778
0.643133,0.986417,0.003769
0.644933,0.986527,0.003757
0.646267,0.986630,0.003748
0.648033,0.986723,0.003739
0.649833,0.986840,0.003729
0.652017,0.986980,0.003715
0.653550,0.987100,0.003708
0.654833,0.987210,0.003701
0.656767,0.987330,0.003691
0.659117,0.987437,0.003684
0.661267,0.987523,0.003679
0.663117,0.987617,0.003674
0.665867,0.987727,0.003666
0.670133,0.987830,0.003653
0.673183,0.987913,0.003643
0.675550,0.988040,0.003632
0.677583,0.988147,0.003622
0.680267,0.988240,0.003610
0.682533,0.988350,0.003600
0.684000,0.988480,0.003592
0.686033,0.988587,0.003586
0.689367,0.988683,0.003581
0.695000,0.988770,0.003575
0.697517,0.988860,0.003567
0.699617,0.988960,0.003556
0.701550,0.989077,0.003546
0.703717,0.989237,0.003534
0.705817,0.989347,0.003522
0.707600,0.989450,0.003511
0.709483,0.989563,0.003500
0.710850,0.989677,0.003492
0.712867,0.989783,0.003481
0.714900,0.989883,0.003469
0.717400,0.989980,0.003456
0.718933,0.990100,0.003448
0.720783,0.990213,0.003439
0.722550,0.990313,0.003429
0.725150,0.990407,0.003417
0.727800,0.990500,0.003405
0.730017,0.990607,0.003395
0.732450,0.990720,0.003386
0.734833,0.990817,0.003377
0.737767,0.990917,0.003367
0.739800,0.991017,0.003359
0.741917,0.991127,0.003351
0.744150,0.991240,0.003343
0.745950,0.991357,0.003331
0.747567,0.991487,0.003320
0.749133,0.991657,0.003311
0.751600,0.991760,0.003301
0.753633,0.991857,0.003292
0.755283,0.991960,0.003283
0.756983,0.992073,0.003274
0.758933,0.992173,0.003265
0.762117,0.992280,0.003255
0.764967,0.992383,0.003246
0.767633,0.992493,0.003237
0.770433,0.992673,0.003229
0.772150,0.992773,0.003223
0.773850,0.992880,0.003216
0.775633,0.992990,0.003208
0.777783,0.993097,0.003200
0.779800,0.993207,0.003191
0.781617,0.993310,0.003184
0.784450,0.993430,0.003173
0.787233,0.993537,0.003162
0.790833,0.993630,0.003154
0.794033,0.993733,0.003147
0.796400,0.993833,0.003139
0.797700,0.993947,0.003134
0.800100,0.994053,0.003126
0.802950,0.994150,0.003119
0.805450,0.994250,0.003111
0.808233,0.994357,0.003102
0.810183,0.994473,0.003096
0.811700,0.994590,0.003090
0.813583,0.994693,0.003084
0.816867,0.994783,0.003076
0.819833,0.994873,0.003071
0.822633,0.994967,0.003065
0.825533,0.995053,0.003059
0.828483,0.995137,0.003053
0.831917,0.995247,0.003047
0.834700,0.995343,0.003040
0.836750,0.995437,0.003032
0.838817,0.995530,0.003023
0.842700,0.995620,0.003013
0.845517,0.995723,0.003003
0.847750,0.995847,0.002996
0.851400,0.995953,0.002985
0.853933,0.996057,0.002974
0.857000,0.996177,0.002964
0.858867,0.996327,0.002955
0.860350,0.996430,0.002947
0.862867,0.996530,0.002934
0.864667,0.996637,0.002925
0.866400,0.996727,0.002916
0.868000,0.996847,0.002908
0.870717,0.996937,0.002895
0.872783,0.997030,0.002884
0.876067,0.997123,0.002870
0.878850,0.997217,0.002856
0.882267,0.997317,0.002843
0.887617,0.997400,0.002828
0.893400,0.997487,0.002817
0.904800,0.997577,0.002805
0.909333,0.997667,0.002792
0.912167,0.997770,0.002779
0.914200,0.997867,0.002770
0.916883,0.997957,0.002758
0.920100,0.998050,0.002742
0.923100,0.998143,0.002728
0.927000,0.998247,0.002711
0.929883,0.998340,0.002685
0.931900,0.998453,0.002660
0.934000,0.998557,0.002632
0.936050,0.998677,0.002608
0.937750,0.998773,0.002587
0.940483,0.998877,0.002556
0.944683,0.998973,0.002531
0.952417,0.999083,0.002509
0.961383,0.999180,0.002476
0.965250,0.999280,0.002455
0.968600,0.999380,0.002423
0.979317,0.999463,0.002400
0.981717,0.999567,0.002358
0.985783,0.999660,0.002301
0.992800,0.999750,0.002237
0.996050,0.999843,0.002146
0.997850,0.999930,0.002009
1.000000,1.000000,0.001194
