attack,variant,split,target_benign_fpr,shared_q,eta_global,eta_node,calib_benign_fpr,heldout_benign_fpr,heldout_fpr_minus_target,TPR,FPR,Precision,F1,AUC,EER,n_calib_benign,n_eval_benign,n_attack,benignLimit,ref_TPR,ref_F1,dTPR_vs_ref,dF1_vs_ref
DDoS-UDP_Flood,double,fwd,0.01,0.994657,41.23287735218057,2.9402218622638174,0.01,0.0,-0.01,0.59102,0.0,1.0,0.7429447775640784,0.9582124253333333,0.07378000000000003,15000,15000,50000,150000,0.61328,0.7574818126798661,-0.022260000000000058,-0.014537035115787744
DDoS-UDP_Flood,double,fwd,0.05,0.970212,39.65147677951356,2.6296945050520693,0.05,0.0,-0.05,0.67454,0.0,1.0,0.8056421464999343,0.9582124253333333,0.07378000000000003,15000,15000,50000,150000,0.78318,0.8638840477398575,-0.10863999999999996,-0.05824190123992323
DDoS-UDP_Flood,double,rev,0.01,0.99499,14.82148741446269,0.8097559508595129,0.009933,0.304,0.294,0.92008,0.304,0.9098172612926193,0.9149198520345253,0.8994312386666666,0.14381333333333335,15000,15000,50000,150000,0.61328,0.7574818126798661,0.30679999999999996,0.15743803935465916
DDoS-UDP_Flood,double,rev,0.05,0.973212,14.283918213139183,0.5505256922003603,0.05,0.319267,0.269267,0.93584,0.31926666666666664,0.9071557356390919,0.9212746478179975,0.8994312386666666,0.14381333333333335,15000,15000,50000,150000,0.78318,0.8638840477398575,0.15266000000000002,0.05739060007814001
DDoS-UDP_Flood,single,fwd,0.01,0.994768,45.94223817941811,3.080233719383158,0.009867,0.0,-0.01,0.62458,0.0,1.0,0.76891258048234,0.9572706799999999,0.07409333333333332,15000,15000,50000,150000,0.61328,0.7574818126798661,0.011299999999999977,0.011430767802473873
DDoS-UDP_Flood,single,fwd,0.05,0.968545,43.0932946441463,2.709870586391621,0.05,0.0,-0.05,0.70132,0.0,1.0,0.824442197822867,0.9572706799999999,0.07409333333333332,15000,15000,50000,150000,0.78318,0.8638840477398575,-0.08185999999999993,-0.03944184991699051
DDoS-UDP_Flood,single,rev,0.01,0.99499,16.052127046681175,0.8763034496691295,0.009933,0.3002,0.2902,0.91342,0.3002,0.9102523219197194,0.9118334098668317,0.904625056,0.14714333333333335,15000,15000,50000,150000,0.61328,0.7574818126798661,0.30013999999999996,0.15435159718696556
DDoS-UDP_Flood,single,rev,0.05,0.973212,15.463922367212257,0.5671981105340663,0.049867,0.3154,0.2654,0.92898,0.3154,0.9075615474794841,0.9181458786321407,0.904625056,0.14714333333333335,15000,15000,50000,150000,0.78318,0.8638840477398575,0.14580000000000004,0.0542618308922832
DoS-SYN_Flood,double,fwd,0.01,0.994657,41.23287735218057,2.9402218622638174,0.01,0.0,-0.01,0.93348,0.0,1.0,0.9655957134286365,0.9936198253333334,0.024486666666666684,15000,15000,50000,150000,0.94162,0.9669542000410762,-0.008140000000000036,-0.0013584866124397577
DoS-SYN_Flood,double,fwd,0.05,0.970212,39.65147677951356,2.6296945050520693,0.05,0.0,-0.05,0.95506,0.0,1.0,0.9770134931920248,0.9936198253333334,0.024486666666666684,15000,15000,50000,150000,0.96266,0.9662156736791392,-0.00759999999999994,0.01079781951288561
DoS-SYN_Flood,double,rev,0.01,0.99499,14.82148741446269,0.8097559508595129,0.009933,0.304,0.294,0.9837,0.304,0.9151548981300586,0.9481902742300834,0.9819643733333333,0.07226333333333333,15000,15000,50000,150000,0.94162,0.9669542000410762,0.042080000000000006,-0.018763925810992843
DoS-SYN_Flood,double,rev,0.05,0.973212,14.283918213139183,0.5505256922003603,0.05,0.319267,0.269267,0.98636,0.31926666666666664,0.9114901953536511,0.9474482983853151,0.9819643733333333,0.07226333333333333,15000,15000,50000,150000,0.96266,0.9662156736791392,0.023700000000000054,-0.018767375293824107
DoS-SYN_Flood,single,fwd,0.01,0.994768,45.94223817941811,3.080233719383158,0.009867,0.0,-0.01,0.94292,0.0,1.0,0.970621538714924,0.9934266933333334,0.026116666666666673,15000,15000,50000,150000,0.94162,0.9669542000410762,0.0012999999999999678,0.00366733867384772
DoS-SYN_Flood,single,fwd,0.05,0.968545,43.0932946441463,2.709870586391621,0.05,0.0,-0.05,0.95584,0.0,1.0,0.9774214659685864,0.9934266933333334,0.026116666666666673,15000,15000,50000,150000,0.96266,0.9662156736791392,-0.006819999999999937,0.01120579228944718
DoS-SYN_Flood,single,rev,0.01,0.99499,16.052127046681175,0.8763034496691295,0.009933,0.3002,0.2902,0.98214,0.3002,0.9160044767767208,0.9479200849338867,0.983357356,0.06207333333333334,15000,15000,50000,150000,0.94162,0.9669542000410762,0.04052,-0.019034115107189553
DoS-SYN_Flood,single,rev,0.05,0.973212,15.463922367212257,0.5671981105340663,0.049867,0.3154,0.2654,0.98488,0.3154,0.9123483094025011,0.9472276989660976,0.983357356,0.06207333333333334,15000,15000,50000,150000,0.96266,0.9662156736791392,0.022220000000000018,-0.01898797471304159
Recon-OSScan,double,fwd,0.01,0.994657,41.23287735218057,2.9402218622638174,0.01,0.0,-0.01,0.03076,0.0,1.0,0.05968411657417828,0.8838480400000001,0.1372233333333333,15000,15000,50000,150000,0.04076,0.0778798937654049,-0.009999999999999998,-0.01819577719122662
Recon-OSScan,double,fwd,0.05,0.970212,39.65147677951356,2.6296945050520693,0.05,0.0,-0.05,0.05852,0.0,1.0,0.11056947436042777,0.8838480400000001,0.1372233333333333,15000,15000,50000,150000,0.11462,0.2002795736501834,-0.0561,-0.08971009928975562
Recon-OSScan,double,rev,0.01,0.99499,14.82148741446269,0.8097559508595129,0.009933,0.304,0.294,0.68426,0.304,0.8823923864544915,0.7707974271456411,0.7078941933333333,0.3466633333333333,15000,15000,50000,150000,0.04076,0.0778798937654049,0.6435,0.6929175333802362
Recon-OSScan,double,rev,0.05,0.973212,14.283918213139183,0.5505256922003603,0.05,0.319267,0.269267,0.79136,0.31926666666666664,0.8920350790179679,0.8386871138336318,0.7078941933333333,0.3466633333333333,15000,15000,50000,150000,0.11462,0.2002795736501834,0.6767399999999999,0.6384075401834484
Recon-OSScan,single,fwd,0.01,0.994768,45.94223817941811,3.080233719383158,0.009867,0.0,-0.01,0.05342,0.0,1.0,0.101422034895863,0.8823189960000001,0.13886333333333334,15000,15000,50000,150000,0.04076,0.0778798937654049,0.012660000000000005,0.023542141130458105
Recon-OSScan,single,fwd,0.05,0.968545,43.0932946441463,2.709870586391621,0.05,0.0,-0.05,0.08616,0.0,1.0,0.158650659203064,0.8823189960000001,0.13886333333333334,15000,15000,50000,150000,0.11462,0.2002795736501834,-0.02846,-0.041628914447119386
Recon-OSScan,single,rev,0.01,0.99499,16.052127046681175,0.8763034496691295,0.009933,0.3002,0.2902,0.658,0.3002,0.8796085875464535,0.7528345708957358,0.710118848,0.3441466666666667,15000,15000,50000,150000,0.04076,0.0778798937654049,0.61724,0.6749546771303309
Recon-OSScan,single,rev,0.05,0.973212,15.463922367212257,0.5671981105340663,0.049867,0.3154,0.2654,0.77948,0.3154,0.891751515844869,0.8318446187503334,0.710118848,0.3441466666666667,15000,15000,50000,150000,0.11462,0.2002795736501834,0.66486,0.63156504510015
MITM-ArpSpoofing,double,fwd,0.01,0.994657,41.23287735218057,2.9402218622638174,0.01,0.0,-0.01,0.4509,0.0,1.0,0.6215452477772417,0.9849689546666666,0.06511333333333333,15000,15000,50000,150000,0.52362,0.6846495815899581,-0.07271999999999995,-0.0631043338127164
MITM-ArpSpoofing,double,fwd,0.05,0.970212,39.65147677951356,2.6296945050520693,0.05,0.0,-0.05,0.68316,0.0,1.0,0.811758834573065,0.9849689546666666,0.06511333333333333,15000,15000,50000,150000,0.82402,0.8889104638619202,-0.14085999999999999,-0.07715162928885522
MITM-ArpSpoofing,double,rev,0.01,0.99499,14.82148741446269,0.8097559508595129,0.009933,0.304,0.294,0.96236,0.304,0.9134363491400584,0.9372601725783517,0.9134051506666667,0.14216666666666666,15000,15000,50000,150000,0.52362,0.6846495815899581,0.43874,0.25261059098839356
MITM-ArpSpoofing,double,rev,0.05,0.973212,14.283918213139183,0.5505256922003603,0.05,0.319267,0.269267,0.9775,0.31926666666666664,0.9107595408467501,0.9429503009723723,0.9134051506666667,0.14216666666666666,15000,15000,50000,150000,0.82402,0.8889104638619202,0.15348000000000006,0.05403983711045213
MITM-ArpSpoofing,single,fwd,0.01,0.994768,45.94223817941811,3.080233719383158,0.009867,0.0,-0.01,0.51282,0.0,1.0,0.6779656535476791,0.9840525626666667,0.06575333333333333,15000,15000,50000,150000,0.52362,0.6846495815899581,-0.01079999999999992,-0.006683928042279019
MITM-ArpSpoofing,single,fwd,0.05,0.968545,43.0932946441463,2.709870586391621,0.05,0.0,-0.05,0.7041,0.0,1.0,0.8263599554016783,0.9840525626666667,0.06575333333333333,15000,15000,50000,150000,0.82402,0.8889104638619202,-0.11992000000000003,-0.0625505084602419
MITM-ArpSpoofing,single,rev,0.01,0.99499,16.052127046681175,0.8763034496691295,0.009933,0.3002,0.2902,0.9516,0.3002,0.9135418466678187,0.9321826356984023,0.9182293533333334,0.15493333333333337,15000,15000,50000,150000,0.52362,0.6846495815899581,0.42798,0.24753305410844417
MITM-ArpSpoofing,single,rev,0.05,0.973212,15.463922367212257,0.5671981105340663,0.049867,0.3154,0.2654,0.97032,0.3154,0.9111499239393769,0.9398045463790715,0.9182293533333334,0.15493333333333337,15000,15000,50000,150000,0.82402,0.8889104638619202,0.14629999999999999,0.05089408251715133
Mirai-greeth_flood,double,fwd,0.01,0.994657,41.23287735218057,2.9402218622638174,0.01,0.0,-0.01,0.33066,0.0,1.0,0.49698645784798523,0.980188728,0.07068333333333332,15000,15000,50000,150000,0.40786,0.5769535449555819,-0.07719999999999999,-0.0799670871075967
Mirai-greeth_flood,double,fwd,0.05,0.970212,39.65147677951356,2.6296945050520693,0.05,0.0,-0.05,0.54928,0.0,1.0,0.7090777651554271,0.980188728,0.07068333333333332,15000,15000,50000,150000,0.71162,0.8172025723472669,-0.16234000000000004,-0.10812480719183981
Mirai-greeth_flood,double,rev,0.01,0.99499,14.82148741446269,0.8097559508595129,0.009933,0.304,0.294,0.95526,0.304,0.9128490338856717,0.9335730969576732,0.8932677960000002,0.1646233333333333,15000,15000,50000,150000,0.40786,0.5769535449555819,0.5474,0.3566195520020913
Mirai-greeth_flood,double,rev,0.05,0.973212,14.283918213139183,0.5505256922003603,0.05,0.319267,0.269267,0.96738,0.31926666666666664,0.9099100793859815,0.9377653696271738,0.8932677960000002,0.1646233333333333,15000,15000,50000,150000,0.71162,0.8172025723472669,0.25576,0.12056279727990693
Mirai-greeth_flood,single,fwd,0.01,0.994768,45.94223817941811,3.080233719383158,0.009867,0.0,-0.01,0.36922,0.0,1.0,0.5393143541578417,0.9786286666666667,0.07128333333333335,15000,15000,50000,150000,0.40786,0.5769535449555819,-0.03864000000000001,-0.03763919079774025
Mirai-greeth_flood,single,fwd,0.05,0.968545,43.0932946441463,2.709870586391621,0.05,0.0,-0.05,0.55724,0.0,1.0,0.7156764532120932,0.9786286666666667,0.07128333333333335,15000,15000,50000,150000,0.71162,0.8172025723472669,-0.15438000000000007,-0.10152611913517373
Mirai-greeth_flood,single,rev,0.01,0.99499,16.052127046681175,0.8763034496691295,0.009933,0.3002,0.2902,0.94514,0.3002,0.9130023183925812,0.9287932389937107,0.8953637560000002,0.17741,15000,15000,50000,150000,0.40786,0.5769535449555819,0.53728,0.35183969403812876
Mirai-greeth_flood,single,rev,0.05,0.973212,15.463922367212257,0.5671981105340663,0.049867,0.3154,0.2654,0.96346,0.3154,0.910573869650688,0.9362706989038327,0.8953637560000002,0.17741,15000,15000,50000,150000,0.71162,0.8172025723472669,0.25183999999999995,0.11906812655656585
DictionaryBruteForce,double,fwd,0.01,0.994657,41.23287735218057,2.9402218622638174,0.01,0.0,-0.01,0.0171,0.0,1.0,0.03362501228984367,0.8047004413333334,0.20006333333333334,15000,15000,50000,150000,0.0209,0.0407058273605484,-0.003799999999999998,-0.007080815070704724
DictionaryBruteForce,double,fwd,0.05,0.970212,39.65147677951356,2.6296945050520693,0.05,0.0,-0.05,0.02432,0.0,1.0,0.047485160887222745,0.8047004413333334,0.20006333333333334,15000,15000,50000,150000,0.03054,0.0575943876588843,-0.00622,-0.010109226771661553
DictionaryBruteForce,double,rev,0.01,0.99499,14.82148741446269,0.8097559508595129,0.009933,0.304,0.294,0.4211,0.304,0.8219793089986336,0.5569000859617801,0.5889321706666667,0.42507,15000,15000,50000,150000,0.0209,0.0407058273605484,0.4002,0.5161942586012317
DictionaryBruteForce,double,rev,0.05,0.973212,14.283918213139183,0.5505256922003603,0.05,0.319267,0.269267,0.5855,0.31926666666666664,0.859411695631752,0.6964931480776552,0.5889321706666667,0.42507,15000,15000,50000,150000,0.03054,0.0575943876588843,0.55496,0.6388987604187709
DictionaryBruteForce,single,fwd,0.01,0.994768,45.94223817941811,3.080233719383158,0.009867,0.0,-0.01,0.02514,0.0,1.0,0.04904695943968629,0.815084844,0.19441000000000003,15000,15000,50000,150000,0.0209,0.0407058273605484,0.004240000000000001,0.008341132079137892
DictionaryBruteForce,single,fwd,0.05,0.968545,43.0932946441463,2.709870586391621,0.05,0.0,-0.05,0.02932,0.0,1.0,0.05696964986593091,0.815084844,0.19441000000000003,15000,15000,50000,150000,0.03054,0.0575943876588843,-0.0012200000000000023,-0.0006247377929533907
DictionaryBruteForce,single,rev,0.01,0.99499,16.052127046681175,0.8763034496691295,0.009933,0.3002,0.2902,0.43012,0.3002,0.8268676227459726,0.5658803562735992,0.6003688533333333,0.42418333333333336,15000,15000,50000,150000,0.0209,0.0407058273605484,0.40922000000000003,0.5251745289130508
DictionaryBruteForce,single,rev,0.05,0.973212,15.463922367212257,0.5671981105340663,0.049867,0.3154,0.2654,0.60596,0.3154,0.8649404778897485,0.7126509779016571,0.6003688533333333,0.42418333333333336,15000,15000,50000,150000,0.03054,0.0575943876588843,0.57542,0.6550565902427729
