attack,threshold_method,threshold,tpr,fpr,fnr,precision,f1,tn,fp,fn,tp,auc,eer
Mirai,mean,0.014267272443355968,0.8865113673835369,0.24358319073757195,0.11348863261646314,0.9817233203162777,0.9316911722235718,34038,10961,75372,588765,0.9283200860905712,0.12906588074872916
Mirai,min,0.002667049000146356,0.9999969885731408,0.9999777772839397,3.011426859211852e-06,0.9365450486721109,0.9672314985399812,1,44998,2,664135,0.9283200860905712,0.12906588074872916
Mirai,max,0.971911512717983,0.8526538952053567,0.0,0.14734610479464327,1.0,0.9204675491866167,44999,0,97858,566279,0.9283200860905712,0.12906588074872916
Mirai,max+std,0.9968560165460579,0.8526478723516383,0.0,0.1473521276483617,1.0,0.9204640396875193,44999,0,97862,566275,0.9283200860905712,0.12906588074872916
Mirai,mean+3sigma,0.08910078392758056,0.8540918515306329,0.00615569234871886,0.14590814846936706,0.9995119037340245,0.921097586323365,44722,277,96903,567234,0.9283200860905712,0.12906588074872916
Mirai,median+1.5MAD,0.013369603724856939,0.8910857247826879,0.2755839018644859,0.10891427521731212,0.9794754751706377,0.93319225665653,32598,12401,72334,591803,0.9283200860905712,0.12906588074872916
Mirai,p95,0.038670605525700494,0.8604625250513072,0.050001111135803016,0.13953747494869284,0.996078192133725,0.9233171655415995,42749,2250,92672,571465,0.9283200860905712,0.12906588074872916
Mirai,p99,0.06904825381378944,0.8546384255055809,0.010000222227160604,0.1453615744944191,0.9992078120296384,0.9212861066204397,44549,450,96540,567597,0.9283200860905712,0.12906588074872916
OS Scan,mean,0.18246583243171255,1.0,0.5014947839490321,0.0,0.0766956211119581,0.14246481476863565,786218,790933,0,65700,0.9787638554064338,0.039983500203066874
OS Scan,min,0.005499516311334168,1.0,0.9999993659453026,0.0,0.039991478223818364,0.07690731907172749,1,1577150,0,65700,0.9787638554064338,0.039983500203066874
OS Scan,max,0.4681033902259714,0.9937747336377474,0.04138665226094394,0.006225266362252624,0.500068931711651,0.665338523621245,1511878,65273,409,65291,0.9787638554064338,0.039983500203066874
OS Scan,max+std,0.5266834344886223,0.9928310502283105,0.04134543870561538,0.00716894977168947,0.5000804986315233,0.6651371235411981,1511943,65208,471,65229,0.9787638554064338,0.039983500203066874
OS Scan,mean+3sigma,0.3582059652196652,0.9953272450532724,0.043554485271226406,0.004672754946727586,0.4876981019502554,0.6546337312611057,1508459,68692,307,65393,0.9787638554064338,0.039983500203066874
OS Scan,median+1.5MAD,0.2374049399367498,0.9988127853881279,0.18379406917917182,0.0011872146118721005,0.1845943520688171,0.31160062014325973,1287280,289871,78,65622,0.9787638554064338,0.039983500203066874
OS Scan,p95,0.26944246512557035,0.9979147640791476,0.09865510658142436,0.002085235920852413,0.29645455490895606,0.45711277744660234,1421557,155594,137,65563,0.9787638554064338,0.039983500203066874
OS Scan,p99,0.3092928829306537,0.9964231354642313,0.06027767791416294,0.0035768645357686646,0.407800313956096,0.578742176173132,1482084,95067,235,65465,0.9787638554064338,0.039983500203066874
SSL Renegotiation,mean,20141696651.01734,0.7432219487976515,0.0162938445637911,0.25677805120234853,0.6723065657798389,0.7059878919606104,2026355,33564,23791,68861,0.9305859770489322,0.15188019876411035
SSL Renegotiation,min,0.010229128876264112,1.0,0.9999995145440185,0.0,0.04304250268283958,0.08253259588584112,1,2059918,0,92652,0.9305859770489322,0.15188019876411035
SSL Renegotiation,max,1575826105023763.2,0.0,0.0,1.0,0.0,0.0,2059919,0,92652,0,0.9305859770489322,0.15188019876411035
SSL Renegotiation,max+std,1579682849329580.2,0.0,0.0,1.0,0.0,0.0,2059919,0,92652,0,0.9305859770489322,0.15188019876411035
SSL Renegotiation,mean+3sigma,11590374614102.19,0.08428312394767518,0.0018898801360636025,0.9157168760523249,0.6673218253290036,0.14966364490101006,2056026,3893,84843,7809,0.9305859770489322,0.15188019876411035
SSL Renegotiation,median+1.5MAD,0.5097328341398264,0.8482709493588914,0.17068972129486645,0.15172905064110864,0.1826913466030995,0.3006351689671858,1708312,351607,14058,78594,0.9305859770489322,0.15188019876411035
SSL Renegotiation,p95,0.8063270077344467,0.847990329404654,0.04928737489192536,0.15200967059534598,0.4362562189054726,0.5761215480956781,1958391,101528,14084,78568,0.9305859770489322,0.15188019876411035
SSL Renegotiation,p99,0.8908594366087424,0.847990329404654,0.024723302226932226,0.15200967059534598,0.6067214431333786,0.7073482543169418,2008991,50928,14084,78568,0.9305859770489322,0.15188019876411035
Fuzzing,mean,0.45555762892034446,0.9807732743661373,0.7357187267273833,0.01922672563386274,0.24726239422688195,0.3949532643320621,464172,1292184,8321,424462,0.5335734871652859,0.4610762822297264
Fuzzing,min,0.0030095079234395846,1.0,0.9999994306393465,0.0,0.1976956226606089,0.33012665141321956,1,1756355,0,432783,0.5335734871652859,0.4610762822297264
Fuzzing,max,957.4112208168818,0.0,0.0,1.0,0.0,0.0,1756356,0,432783,0,0.5335734871652859,0.4610762822297264
Fuzzing,max+std,959.3594920222818,0.0,0.0,1.0,0.0,0.0,1756356,0,432783,0,0.5335734871652859,0.4610762822297264
Fuzzing,mean+3sigma,6.30037124511996,1.1553134018665243e-05,5.693606535349325e-06,0.9999884468659813,0.3333333333333333,2.3105467215652566e-05,1756346,10,432778,5,0.5335734871652859,0.4610762822297264
Fuzzing,median+1.5MAD,0.5825885110792992,2.0795641233597436e-05,0.0025478889245688233,0.9999792043587664,0.002007136485280999,4.1164780328723635e-05,1751881,4475,432774,9,0.5335734871652859,0.4610762822297264
Fuzzing,p95,0.5735526424777677,4.621253607466097e-05,0.12207889516703903,0.9999537874639254,9.326879132973316e-05,6.180307377587425e-05,1541942,214414,432763,20,0.5335734871652859,0.4610762822297264
Fuzzing,p99,0.5774114408908586,3.2348775252262684e-05,0.0380349997380941,0.9999676512247477,0.00020952751545265426,5.604483586869496e-05,1689553,66803,432769,14,0.5335734871652859,0.4610762822297264
Active Wiretap,mean,0.6110140818930537,0.48368962409663613,0.4800830159488125,0.5163103759033638,0.41699155371491803,0.44787099550123083,676138,624335,476666,446550,0.42463214529412785,0.5063775003946729
Active Wiretap,min,0.0024746630471165825,1.0,0.9999992310490107,0.0,0.4151733516572469,0.5867455759692701,1,1300472,0,923216,0.42463214529412785,0.5063775003946729
Active Wiretap,max,26.942428930521913,2.166340271399109e-06,0.0,0.9999978336597286,1.0,4.332671156758209e-06,1300473,0,923214,2,0.42463214529412785,0.5063775003946729
Active Wiretap,max+std,27.196972514727022,0.0,0.0,1.0,0.0,0.0,1300473,0,923216,0,0.42463214529412785,0.5063775003946729
Active Wiretap,mean+3sigma,1.3746448345083806,1.0831701356995545e-05,8.458460883078695e-06,0.999989168298643,0.47619047619047616,2.1662909957031617e-05,1300462,11,923206,10,0.42463214529412785,0.5063775003946729
Active Wiretap,median+1.5MAD,0.9638342625487941,1.0831701356995545e-05,8.458460883078695e-06,0.999989168298643,0.47619047619047616,2.1662909957031617e-05,1300462,11,923206,10,0.42463214529412785,0.5063775003946729
Active Wiretap,p95,0.870538048161173,1.408121176409421e-05,0.04786796803932108,0.999985918788236,0.00020878838494153926,2.638308235580631e-05,1238222,62251,923203,13,0.42463214529412785,0.5063775003946729
Active Wiretap,p99,0.8773499534897287,1.408121176409421e-05,0.009574208768655713,0.999985918788236,0.0010430038510911425,2.7787277701778382e-05,1288022,12451,923203,13,0.42463214529412785,0.5063775003946729
SYN DoS,mean,0.3677449781195284,0.9752770673486786,0.49217455240181923,0.024722932651321416,0.005121310291416284,0.010189116171362408,1375820,1333418,174,6864,0.7077874268639522,0.27152146873167504
SYN DoS,min,0.003584092136163906,1.0,0.999999630892524,0.0,0.0025910484026838224,0.00516870444197931,1,2709237,0,7038,0.7077874268639522,0.27152146873167504
SYN DoS,max,0.6579889711502926,0.0007104290991759022,0.007508015168840833,0.999289570900824,0.0002457485500835545,0.00036517674554484373,2688897,20341,7033,5,0.7077874268639522,0.27152146873167504
SYN DoS,max+std,0.8035893929155956,0.0007104290991759022,3.6910747597663994e-06,0.999289570900824,0.3333333333333333,0.001417836381681554,2709228,10,7033,5,0.7077874268639522,0.27152146873167504
SYN DoS,mean+3sigma,0.8045462434154373,0.0007104290991759022,3.6910747597663994e-06,0.999289570900824,0.3333333333333333,0.001417836381681554,2709228,10,7033,5,0.7077874268639522,0.27152146873167504
SYN DoS,median+1.5MAD,0.5618056394272919,0.0007104290991759022,0.04370158694068221,0.999289570900824,4.222865974679696e-05,7.97187522420899e-05,2590840,118398,7033,5,0.7077874268639522,0.27152146873167504
SYN DoS,p95,0.5481446489935459,0.0007104290991759022,0.06295091092033996,0.999289570900824,2.931622829133295e-05,5.630884274066399e-05,2538689,170549,7033,5,0.7077874268639522,0.27152146873167504
SYN DoS,p99,0.6021075112576785,0.0007104290991759022,0.024149963938199598,0.999289570900824,7.641404184432932e-05,0.00013798622897434837,2643810,65428,7033,5,0.7077874268639522,0.27152146873167504
Video Injection,mean,690.6775455069143,0.0,6.220565708613151e-05,1.0,0.0,0.0,2314758,144,102499,0,0.48408791515014754,0.5440425366946737
Video Injection,min,0.0026404077050289883,1.0,0.9999995680162702,0.0,0.04240051294779515,0.08135167322182357,1,2314901,0,102499,0.48408791515014754,0.5440425366946737
Video Injection,max,44038223.68310105,0.0,8.639674595296043e-07,1.0,0.0,0.0,2314900,2,102499,0,0.48408791515014754,0.5440425366946737
Video Injection,max+std,44167375.659720354,0.0,4.3198372976480215e-07,1.0,0.0,0.0,2314901,1,102499,0,0.48408791515014754,0.5440425366946737
Video Injection,mean+3sigma,388146.60740342765,0.0,5.3997966220600265e-05,1.0,0.0,0.0,2314777,125,102499,0,0.48408791515014754,0.5440425366946737
Video Injection,median+1.5MAD,0.587991001570617,0.0,0.000283813310455475,1.0,0.0,0.0,2314245,657,102499,0,0.48408791515014754,0.5440425366946737
Video Injection,p95,0.5739065769866862,0.0,0.04488051762018435,1.0,0.0,0.0,2211008,103894,102499,0,0.48408791515014754,0.5440425366946737
Video Injection,p99,0.5744954729651379,0.0,0.009007724733055654,1.0,0.0,0.0,2294050,20852,102499,0,0.48408791515014754,0.5440425366946737
ARP MitM,mean,0.8060331452619067,0.693031000495952,0.4802188658698845,0.306968999504048,0.5589846413017144,0.6188320214066515,677792,626203,351563,793709,0.8331438643165484,0.30771818547756175
ARP MitM,min,0.0023654424021863404,1.0,0.9999992331258939,0.0,0.4675980477416499,0.6372290402827846,1,1303994,0,1145272,0.8331438643165484,0.30771818547756175
ARP MitM,max,25.71690899406961,1.5716790421838655e-05,1.9171852652809252e-05,0.9999842832095781,0.4186046511627907,3.1432400693259056e-05,1303970,25,1145254,18,0.8331438643165484,0.30771818547756175
ARP MitM,max+std,26.036824035238762,1.3970480374967692e-05,1.6871230334472143e-05,0.999986029519625,0.42105263157894735,2.7940033702665648e-05,1303973,22,1145256,16,0.8331438643165484,0.30771818547756175
ARP MitM,mean+3sigma,1.7657782687693673,2.3575185632757982e-05,3.2208712456719543e-05,0.9999764248143672,0.391304347826087,4.714753073538797e-05,1303953,42,1145245,27,0.8331438643165484,0.30771818547756175
ARP MitM,median+1.5MAD,1.2279270804615088,2.4448340656193463e-05,3.297558656283191e-05,0.9999755516593438,0.39436619718309857,4.889365019911066e-05,1303952,43,1145244,28,0.8331438643165484,0.30771818547756175
ARP MitM,p95,1.1752276069517715,0.6723485774558359,0.04776321995099674,0.32765142254416413,0.9251680573828104,0.7787529891377175,1241712,62283,375250,770022,0.8331438643165484,0.30771818547756175
ARP MitM,p99,1.180351903166082,0.6591298835560461,0.009572889466600716,0.34087011644395393,0.9837326647258283,0.7893631727488422,1291512,12483,390389,754883,0.8331438643165484,0.30771818547756175
SSDP Flood,mean,0.5035201910923673,0.9997214511768514,0.6689899801057978,0.0002785488231485944,0.4544404792202535,0.6248463611415145,854887,1727775,401,1439203,0.9996721864854953,0.0008251722936682133
SSDP Flood,min,0.0034082867544709965,1.0,0.9999996128026044,0.0,0.35790879019656835,0.52714702604548,1,2582661,0,1439604,0.9996721864854953,0.0008251722936682133
SSDP Flood,max,1.3207218164698002,0.9992282599937204,0.0012278029413062956,0.0007717400062795532,0.9978004583592294,0.9985138487638082,2579491,3171,1111,1438493,0.9996721864854953,0.0008251722936682133
SSDP Flood,max+std,1.5093380301529054,0.99912475930881,0.0005970583839464862,0.000875240691190049,0.9989290818856493,0.9990269110154923,2581120,1542,1260,1438344,0.9996721864854953,0.0008251722936682133
SSDP Flood,mean+3sigma,1.069368832141683,0.9993657978166218,0.0021423631896082414,0.0006342021833781741,0.9961688768501286,0.9977647765400711,2577129,5533,913,1438691,0.9996721864854953,0.0008251722936682133
SSDP Flood,median+1.5MAD,0.6981734866872962,0.9995818294475425,0.08391651714393908,0.00041817055245751966,0.8691042621683487,0.9297878678036037,2365934,216728,602,1439002,0.9996721864854953,0.0008251722936682133
SSDP Flood,p95,0.7326635660446578,0.9995602957479973,0.053795657348890406,0.0004397042520026817,0.9119491833168875,0.9537469788842525,2443726,138936,633,1438971,0.9996721864854953,0.0008251722936682133
SSDP Flood,p99,0.7542478207774571,0.9995477923095518,0.014000670625889102,0.0004522076904481809,0.9754872850332721,0.9873709822843805,2546503,36159,651,1438953,0.9996721864854953,0.0008251722936682133
