seed,is_committed_seed,detector,operating_point,eta_g,eta_s,TPR,FPR,Precision,microF1,Accuracy,AUC_ROC,AUC_PR,tpr_DoS-SYN_Flood,tpr_DDoS-UDP_Flood,tpr_Recon-OSScan,tpr_MITM-ArpSpoofing,tpr_Mirai-greeth_flood,tpr_DictionaryBruteForce,TP,FP,FN,TN,x1_seconds
1,0,Tenko,tenko_committed_eta(50/20),50.000000,20.000000,0.878237,0.007900,0.998204,0.934385,0.897214,0.988884,0.997886,0.990920,0.924360,0.617520,0.975100,0.965480,0.796040,263471,474,36529,59526,609.2
1,0,Tenko,tenko_orrule@2%_rederived,35.525408,2.810667,0.979817,0.020017,0.995931,0.987808,0.979844,0.988884,0.997886,0.991860,0.954580,0.950060,0.996360,0.988700,0.997340,293945,1201,6055,58799,609.2
1,0,Tenko,tenko_orrule@2%_fixed,30.140000,3.140000,0.979557,0.020350,0.995862,0.987642,0.979572,0.988884,0.997886,0.992180,0.954760,0.948240,0.996220,0.989460,0.996480,293867,1221,6133,58779,609.2
1,0,Kitsune,kitsune_medmad,,,0.963360,0.187650,0.962503,0.962931,0.938192,0.973645,0.994994,0.996100,0.980060,0.907360,0.966300,0.979660,0.950680,289008,11259,10992,48741,609.2
1,0,Kitsune,kitsune@2%,,,0.858053,0.020000,0.995360,0.921621,0.878378,0.973645,0.994994,0.989360,0.946720,0.610720,0.938600,0.929360,0.733560,257416,1200,42584,58800,609.2
7,0,Tenko,tenko_committed_eta(50/20),50.000000,20.000000,0.876560,0.007567,0.998277,0.933467,0.895872,0.988489,0.997812,0.990660,0.922640,0.615580,0.972500,0.962520,0.795460,262968,454,37032,59546,628.2
7,0,Tenko,tenko_orrule@2%_rederived,30.393161,3.146511,0.978603,0.019983,0.995933,0.987192,0.978839,0.988489,0.997812,0.991920,0.952680,0.946340,0.996080,0.988740,0.995860,293581,1199,6419,58801,628.2
7,0,Tenko,tenko_orrule@2%_fixed,30.140000,3.140000,0.978690,0.020233,0.995882,0.987211,0.978869,0.988489,0.997812,0.991920,0.952780,0.946600,0.996100,0.988840,0.995900,293607,1214,6393,58786,628.2
7,0,Kitsune,kitsune_medmad,,,0.962123,0.204733,0.959179,0.960649,0.934314,0.972222,0.994724,0.996200,0.978260,0.907720,0.963860,0.979540,0.947160,288637,12284,11363,47716,628.2
7,0,Kitsune,kitsune@2%,,,0.855293,0.020000,0.995345,0.920020,0.876078,0.972222,0.994724,0.989180,0.944900,0.608680,0.931440,0.927880,0.729680,256588,1200,43412,58800,628.2
42,0,Tenko,tenko_committed_eta(50/20),50.000000,20.000000,0.886040,0.008767,0.998025,0.938704,0.903572,0.988826,0.997870,0.991120,0.927240,0.632860,0.976880,0.968280,0.819860,265812,526,34188,59474,544.8
42,0,Tenko,tenko_orrule@2%_rederived,36.708877,2.839423,0.981087,0.019967,0.995946,0.988461,0.980911,0.988826,0.997870,0.991920,0.955480,0.955440,0.996380,0.989360,0.997940,294326,1198,5674,58802,544.8
42,0,Tenko,tenko_orrule@2%_fixed,30.140000,3.140000,0.981750,0.024933,0.994946,0.988304,0.980636,0.988826,0.997870,0.992240,0.957640,0.955680,0.996320,0.991120,0.997500,294525,1496,5475,58504,544.8
42,0,Kitsune,kitsune_medmad,,,0.962007,0.188867,0.962218,0.962112,0.936861,0.972201,0.994768,0.996320,0.978660,0.906280,0.964420,0.979500,0.946860,288602,11332,11398,48668,544.8
42,0,Kitsune,kitsune@2%,,,0.861550,0.020000,0.995379,0.923642,0.881292,0.972201,0.994768,0.989240,0.945040,0.634080,0.935420,0.928000,0.737520,258465,1200,41535,58800,544.8
123,0,Tenko,tenko_committed_eta(50/20),50.000000,20.000000,0.878347,0.007217,0.998359,0.934516,0.897419,0.988851,0.997884,0.990960,0.924760,0.614660,0.975460,0.965240,0.799000,263504,433,36496,59567,589.1
123,0,Tenko,tenko_orrule@2%_rederived,32.718972,3.125384,0.978840,0.019983,0.995934,0.987313,0.979036,0.988851,0.997884,0.992080,0.954860,0.945480,0.996360,0.988620,0.995640,293652,1199,6348,58801,589.1
123,0,Tenko,tenko_orrule@2%_fixed,30.140000,3.140000,0.979547,0.020333,0.995866,0.987639,0.979567,0.988851,0.997884,0.992200,0.955840,0.947800,0.996360,0.989360,0.995720,293864,1220,6136,58780,589.1
123,0,Kitsune,kitsune_medmad,,,0.961890,0.188300,0.962323,0.962106,0.936858,0.972225,0.994768,0.996180,0.979220,0.905700,0.964840,0.978920,0.946480,288567,11298,11433,48702,589.1
123,0,Kitsune,kitsune@2%,,,0.857000,0.020000,0.995354,0.921010,0.877500,0.972225,0.994768,0.989320,0.946980,0.609560,0.939120,0.928500,0.728520,257100,1200,42900,58800,589.1
1234,1,Tenko,tenko_committed_eta(50/20),50.000000,20.000000,0.879303,0.006950,0.998422,0.935084,0.898261,0.989682,0.998034,0.990880,0.924480,0.622240,0.974320,0.963780,0.800120,263791,417,36209,59583,620.9
1234,1,Tenko,tenko_orrule@2%_rederived,30.140682,3.142058,0.980070,0.019967,0.995942,0.987942,0.980064,0.989682,0.998034,0.992320,0.956780,0.948540,0.996420,0.989740,0.996620,294021,1198,5979,58802,620.9
1234,1,Tenko,tenko_orrule@2%_fixed,30.140000,3.140000,0.980073,0.020000,0.995935,0.987941,0.980061,0.989682,0.998034,0.992320,0.956780,0.948540,0.996420,0.989740,0.996640,294022,1200,5978,58800,620.9
1234,1,Kitsune,kitsune_medmad,,,0.963680,0.197133,0.960695,0.962185,0.936878,0.973251,0.994923,0.996360,0.979960,0.909040,0.966140,0.980040,0.950540,289104,11828,10896,48172,620.9
1234,1,Kitsune,kitsune@2%,,,0.855360,0.020000,0.995345,0.920059,0.876133,0.973251,0.994923,0.989320,0.947900,0.608820,0.940360,0.928600,0.717160,256608,1200,43392,58800,620.9
2024,0,Tenko,tenko_committed_eta(50/20),50.000000,20.000000,0.880983,0.007283,0.998349,0.936002,0.899606,0.989150,0.997927,0.989300,0.926100,0.621920,0.976020,0.967360,0.805200,264295,437,35705,59563,569.7
2024,0,Tenko,tenko_orrule@2%_rederived,38.124805,3.260925,0.977310,0.020000,0.995924,0.986529,0.977758,0.989150,0.997927,0.991320,0.953860,0.936700,0.996540,0.988440,0.997000,293193,1200,6807,58800,569.7
2024,0,Tenko,tenko_orrule@2%_fixed,30.140000,3.140000,0.979920,0.023517,0.995223,0.987512,0.979347,0.989150,0.997927,0.991420,0.958440,0.943920,0.996740,0.991080,0.997920,293976,1411,6024,58589,569.7
2024,0,Kitsune,kitsune_medmad,,,0.959917,0.164467,0.966868,0.963380,0.939186,0.972364,0.994781,0.996100,0.976980,0.901400,0.961600,0.979620,0.943800,287975,9868,12025,50132,569.7
2024,0,Kitsune,kitsune@2%,,,0.853163,0.020000,0.995333,0.918781,0.874303,0.972364,0.994781,0.989260,0.945660,0.598860,0.937540,0.928920,0.718740,255949,1200,44051,58800,569.7
