device_id,device_name,attack,tpr_rebuilt,tpr_orig,fpr_rebuilt,fpr_orig,auc_rebuilt,auc_orig,eer_rebuilt,eer_orig
1,Danmini_Doorbell,mirai.scan,1.0,1.0,0.0137235116044399,0.0230070635721493,0.9999994115212612,0.999999225981786,0.0001566262401451,0.0001566262401451
1,Danmini_Doorbell,mirai.ack,1.0,1.0,0.0137235116044399,0.0230070635721493,1.0,1.0,0.0,0.0
1,Danmini_Doorbell,mirai.syn,1.0,1.0,0.0137235116044399,0.0230070635721493,0.999999823824585,0.9999998287640828,2.447521069077203e-05,2.039600890897669e-05
1,Danmini_Doorbell,mirai.udp,1.0,1.0,0.0137235116044399,0.0230070635721493,0.9999997715751272,0.9999997206253416,2.314181726379568e-05,2.314181726379568e-05
1,Danmini_Doorbell,mirai.udpplain,1.0,1.0,0.0137235116044399,0.0230070635721493,1.0,1.0,0.0,0.0
1,Danmini_Doorbell,gafgyt.combo,1.0,0.9999832546300949,0.0137235116044399,0.0230070635721493,0.9999993849329318,0.9999988205582044,5.023610971566362e-05,5.023610971566362e-05
1,Danmini_Doorbell,gafgyt.junk,1.0,0.9999655979083528,0.0137235116044399,0.0230070635721493,0.9999985072755392,0.9999975491547222,0.0003566257595363,0.0002385165401507
1,Danmini_Doorbell,gafgyt.scan,1.0,0.9999664980401354,0.0137235116044399,0.0230070635721493,0.9999986409901246,0.9999971873228448,0.000201414053156,0.000201414053156
1,Danmini_Doorbell,gafgyt.tcp,1.0,0.9999891470680804,0.0137235116044399,0.0230070635721493,0.9931442521881444,0.9937490704233828,0.0068604043876903,0.0062537977732565
1,Danmini_Doorbell,gafgyt.udp,1.0,0.99998110962087,0.0137235116044399,0.0230070635721493,0.9931423253583972,0.9937481480137262,0.0068594817131884,0.0062545111264237
2,Ecobee_Thermostat,mirai.scan,1.0,0.9994674939803668,0.0160060975609756,0.0068597560975609,0.9999999823533264,0.9996390372934916,1.1576217818114466e-05,0.0006589267886103
2,Ecobee_Thermostat,mirai.ack,1.0,1.0,0.0160060975609756,0.0068597560975609,1.0,1.0,0.0,0.0
2,Ecobee_Thermostat,mirai.syn,1.0,0.9999571943462292,0.0160060975609756,0.0068597560975609,0.9999999869494958,0.9999906427884896,8.561130754150008e-06,2.5683392262450025e-05
2,Ecobee_Thermostat,mirai.udp,1.0,0.9999471880961968,0.0160060975609756,0.0068597560975609,1.0,0.9999612716059858,0.0,2.970669588925344e-05
2,Ecobee_Thermostat,mirai.udpplain,1.0,0.9999885541617068,0.0160060975609756,0.0068597560975609,0.9999999825520758,0.9999885803335932,1.1445838293196594e-05,5.722919146598297e-06
2,Ecobee_Thermostat,gafgyt.combo,1.0,0.9998868180789257,0.0160060975609756,0.0068597560975609,0.999999913733292,0.9999298939218548,9.431826756206144e-06,5.659096053723685e-05
2,Ecobee_Thermostat,gafgyt.junk,1.0,0.9997690683557668,0.0160060975609756,0.0068597560975609,0.9999998491300234,0.9998766889390984,1.649511744523621e-05,0.0001484560570071
2,Ecobee_Thermostat,gafgyt.scan,1.0,0.9997453989961446,0.0160060975609756,0.0068597560975609,0.9999993346663664,0.9997924990729684,3.637157197934095e-05,0.0001273005019276
2,Ecobee_Thermostat,gafgyt.tcp,1.0,0.0004946275033939,0.0160060975609756,0.0068597560975609,0.9999988369066556,0.0030230801355592,9.471590490523148e-05,0.9977148544634934
2,Ecobee_Thermostat,gafgyt.udp,0.999980914391503,0.0005248542336651,0.0160060975609756,0.0068597560975609,0.999997563384586,0.0030354591112949,0.0005814964501931,0.9977115708072584
3,Ennio_Doorbell,gafgyt.combo,0.9998113705813558,0.9998302335232204,0.0317135549872122,0.0250639386189258,0.999991113672912,0.999993959999178,0.0002316234181059,0.0002316234181059
3,Ennio_Doorbell,gafgyt.junk,0.9997315165956304,0.9997650770211768,0.0317135549872122,0.0250639386189258,0.9999872281551886,0.999991004775966,0.0002788991528095,0.0002788991528095
3,Ennio_Doorbell,gafgyt.scan,0.9996443812233284,0.9994310099573256,0.0317135549872122,0.0250639386189258,0.9999753431584768,0.999979081248431,0.0007214695513928,0.0007214695513928
3,Ennio_Doorbell,gafgyt.tcp,0.0008568389536716,0.0008371415064607,0.0317135549872122,0.0250639386189258,0.9396941016674418,0.955790812707604,0.0603604416218041,0.0442479197279152
3,Ennio_Doorbell,gafgyt.udp,0.0006831324026055,0.0005099439061703,0.0317135549872122,0.0250639386189258,0.9396833411491264,0.95577735095571,0.0603571236368265,0.0442475925679348
4,Philips_B120N10_Baby_Monitor,mirai.scan,0.9999420966792446,0.9999420966792446,0.029673590504451,0.0382332800730426,0.9999896985132956,0.999997649591294,5.7483958939694813e-05,5.7483958939694813e-05
4,Philips_B120N10_Baby_Monitor,mirai.ack,1.0,1.0,0.029673590504451,0.0382332800730426,0.9999969708914732,0.999999078805325,0.0001229096636823,0.0001119354859226
4,Philips_B120N10_Baby_Monitor,mirai.syn,0.999864553704456,0.999898415278342,0.029673590504451,0.0382332800730426,0.999978271802502,0.9999945886020504,0.0001247877448958,0.0001247877448958
4,Philips_B120N10_Baby_Monitor,mirai.udp,0.999935493977902,0.999935493977902,0.029673590504451,0.0382332800730426,0.9999885554764736,0.9999974156679362,6.0785309610932224e-05,6.0785309610932224e-05
4,Philips_B120N10_Baby_Monitor,mirai.udpplain,1.0,1.0,0.029673590504451,0.0382332800730426,0.9999972120207228,0.9999992874693284,0.000118939658999,0.0001065646466239
4,Philips_B120N10_Baby_Monitor,gafgyt.combo,0.999707662677122,0.9998108405557848,0.029673590504451,0.0382332800730426,0.9999533950868206,0.99998937349494,0.0002888301542488,0.0002888301542488
4,Philips_B120N10_Baby_Monitor,gafgyt.junk,0.9993650569684998,0.9995767046456664,0.029673590504451,0.0382332800730426,0.9998993393308978,0.9999763158471284,0.0006313267999318,0.0006313267999318
4,Philips_B120N10_Baby_Monitor,gafgyt.scan,0.9997846297426324,0.9998564198284215,0.029673590504451,0.0382332800730426,0.9999659791846932,0.9999934125509046,0.0002218143229316,0.0002218143229316
4,Philips_B120N10_Baby_Monitor,gafgyt.tcp,0.0003780473315259,0.0003456432745379,0.029673590504451,0.0382332800730426,0.8223277295928955,0.9592193913460892,0.177757037662284,0.0407434116663298
4,Philips_B120N10_Baby_Monitor,gafgyt.udp,0.0001701612750751,0.0002174282959293,0.029673590504451,0.0382332800730426,0.822294250261779,0.9592217112900502,0.1777542893327136,0.0407441471614124
5,Provision_PT_737E_Security_Camera,mirai.scan,1.0,0.99993800436036,0.0226833976833976,0.0152831402831402,0.9999994082355288,0.9999970145814888,3.099781982000599e-05,3.099781982000599e-05
5,Provision_PT_737E_Security_Camera,mirai.ack,1.0,0.999801829771774,0.0226833976833976,0.0152831402831402,0.9999982917275748,0.9999903746951836,0.0001795226945506,0.0001795226945506
5,Provision_PT_737E_Security_Camera,mirai.syn,1.0,0.9998174793903812,0.0226833976833976,0.0152831402831402,0.9999983165194736,0.999991002677478,0.0001869079360485,0.0001869079360485
5,Provision_PT_737E_Security_Camera,mirai.udp,1.0,0.9999743996723158,0.0226833976833976,0.0152831402831402,0.9999997178857069,0.9999982826035,0.0001284381948454,0.0001284381948454
5,Provision_PT_737E_Security_Camera,mirai.udpplain,1.0,0.9998941444222932,0.0226833976833976,0.0152831402831402,0.9999994976287736,0.9999955552918628,0.0001510079655754,0.0001510079655754
5,Provision_PT_737E_Security_Camera,gafgyt.combo,1.0,0.9999348321928968,0.0226833976833976,0.0152831402831402,0.9999989070553588,0.999996938706616,0.0001456053875408,0.0001456053875408
5,Provision_PT_737E_Security_Camera,gafgyt.junk,0.9998058126739596,0.9996116253479188,0.0226833976833976,0.0152831402831402,0.999990398932078,0.9999588049623652,0.0005002291760334,0.000839109385779
5,Provision_PT_737E_Security_Camera,gafgyt.scan,1.0,0.9997610676861112,0.0226833976833976,0.0152831402831402,0.9999969249380452,0.9999875514902652,0.0003144745055179,0.0003144745055179
5,Provision_PT_737E_Security_Camera,gafgyt.tcp,0.999904315376519,0.0007176346761075,0.0226833976833976,0.0152831402831402,0.9903522715000086,0.9490294537467056,0.0096535440808716,0.0509986651564012
5,Provision_PT_737E_Security_Camera,gafgyt.udp,0.9997596408072223,0.0006249339012219,0.0226833976833976,0.0152831402831402,0.990339633045693,0.9490241166205728,0.0096526674172307,0.05099601616857
6,Provision_PT_838_Security_Camera,mirai.scan,0.9998764109747056,0.9998764109747056,0.0090336987413723,0.0284206252537555,0.9999987340446134,0.9999962188599228,0.0001125456291718,0.0001125456291718
6,Provision_PT_838_Security_Camera,mirai.ack,0.9997930927461766,0.9997930927461766,0.0090336987413723,0.0284206252537555,0.9999978998451704,0.9999936557822852,0.0002049558599608,0.0002049558599608
6,Provision_PT_838_Security_Camera,mirai.syn,0.9999191605632892,0.9999191605632892,0.0090336987413723,0.0284206252537555,0.9999990563809154,0.9999975137688466,9.925477855104652e-05,9.925477855104652e-05
6,Provision_PT_838_Security_Camera,mirai.udp,0.999974780591143,0.999974780591143,0.0090336987413723,0.0284206252537555,0.9999997305782804,0.9999989613504726,9.173265591728016e-05,9.173265591728016e-05
6,Provision_PT_838_Security_Camera,mirai.udpplain,0.9999814074556104,0.9999256298224412,0.0090336987413723,0.0284206252537555,0.9999993489212532,0.9999976089368918,9.723247749881286e-05,9.723247749881286e-05
6,Provision_PT_838_Security_Camera,gafgyt.combo,0.9999652355292892,0.9998957065878672,0.0090336987413723,0.0284206252537555,0.9999985109006658,0.9999965807174056,0.0001971045275041,0.0001971045275041
6,Provision_PT_838_Security_Camera,gafgyt.junk,0.9999311958167056,0.9998967937250584,0.0090336987413723,0.0284206252537555,0.9999978629638564,0.9999965150946544,0.0002898617161623,0.0002898617161623
6,Provision_PT_838_Security_Camera,gafgyt.scan,0.9996478501250132,0.9996126351375144,0.0090336987413723,0.0284206252537555,0.999995288940974,0.999987986442044,0.0004826530013642,0.0004826530013642
6,Provision_PT_838_Security_Camera,gafgyt.tcp,0.0009285466566726,0.0005146162193607,0.0090336987413723,0.0284206252537555,0.9898567477558532,0.9691467788627952,0.0101485563368064,0.0308556386951734
6,Provision_PT_838_Security_Camera,gafgyt.udp,0.0004968564276022,0.0002579831451011,0.0090336987413723,0.0284206252537555,0.9898370212691374,0.9691244285361628,0.0101487801727796,0.0308547760073882
7,Samsung_SNH_1011_N_Webcam,gafgyt.combo,1.0,0.9998636417869744,0.1459252157238734,0.1269415148609779,0.9999715876810684,0.9999704110521926,0.0002151907134827,0.0002151907134827
7,Samsung_SNH_1011_N_Webcam,gafgyt.junk,1.0,0.9998940116587176,0.1459252157238734,0.1269415148609779,0.9999646976512352,0.9999656393181856,0.0002371950654619,0.0002371950654619
7,Samsung_SNH_1011_N_Webcam,gafgyt.scan,0.9999638963102028,0.9997833778612174,0.1459252157238734,0.1269415148609779,0.999963169390274,0.9999623940090168,0.000336169313359,0.000336169313359
7,Samsung_SNH_1011_N_Webcam,gafgyt.tcp,0.9993863964083736,0.0002045345305421,0.1459252157238734,0.1269415148609779,0.8738244757804985,0.8625111708357606,0.1261759242678641,0.1374880633853882
7,Samsung_SNH_1011_N_Webcam,gafgyt.udp,0.9992587034542612,9.04020177730367e-05,0.1459252157238734,0.1269415148609779,0.8738021357775727,0.862501184955499,0.1261742964250613,0.1374902220856879
8,SimpleHome_XCS7_1002_WHT_Security_Camera,mirai.scan,0.9739821467450468,0.9788591334639668,0.1240609572869714,0.1438076840523717,0.9949722243601938,0.994815318270143,0.0416342010413954,0.0358191004004105
8,SimpleHome_XCS7_1002_WHT_Security_Camera,mirai.ack,1.0,1.0,0.1240609572869714,0.1438076840523717,0.9999988659671782,0.9999973083567322,1.3455328310010763e-05,1.794043774668102e-05
8,SimpleHome_XCS7_1002_WHT_Security_Camera,mirai.syn,0.9999522729984488,0.9999443184981904,0.1240609572869714,0.1438076840523717,0.9999918440335404,0.9999889808232092,3.1818001034085035e-05,3.1818001034085035e-05
8,SimpleHome_XCS7_1002_WHT_Security_Camera,mirai.udp,0.9999407423014374,0.9999407423014374,0.1240609572869714,0.1438076840523717,0.9999907773308336,0.9999881346107384,2.96288492813358e-05,2.96288492813358e-05
8,SimpleHome_XCS7_1002_WHT_Security_Camera,mirai.udpplain,0.9999872194673074,0.999936097336537,0.1240609572869714,0.1438076840523717,0.9999927524860756,0.9999825368381366,0.0001712218306662,0.0001776120970125
8,SimpleHome_XCS7_1002_WHT_Security_Camera,gafgyt.combo,0.999926312105079,0.999926312105079,0.1240609572869714,0.1438076840523717,0.9999864217519232,0.9999843063288828,4.6054934325663655e-05,4.6054934325663655e-05
8,SimpleHome_XCS7_1002_WHT_Security_Camera,gafgyt.junk,0.9995101298155988,0.9994751390881416,0.1240609572869714,0.1438076840523717,0.999924603581682,0.9998941866582648,0.0006018833212675,0.0006018833212675
8,SimpleHome_XCS7_1002_WHT_Security_Camera,gafgyt.scan,0.9993171608265948,0.9993171608265948,0.1240609572869714,0.1438076840523717,0.999885958198172,0.9996289090259372,0.0006813465402441,0.0085335573440154
8,SimpleHome_XCS7_1002_WHT_Security_Camera,gafgyt.tcp,0.0008782201405152,0.0008782201405152,0.1240609572869714,0.1438076840523717,0.8455912494414125,0.7998923565166322,0.1545419135191179,0.20025713825195
8,SimpleHome_XCS7_1002_WHT_Security_Camera,gafgyt.udp,0.0003278056305437,0.0003085229463941,0.1240609572869714,0.1438076840523717,0.8454924190783266,0.7997728438552886,0.1545403364449683,0.2002589411186539
9,SimpleHome_XCS7_1003_WHT_Security_Camera,mirai.scan,1.0,0.9989925356047076,0.0768049155145929,0.0629800307219662,0.9999822850777208,0.999901178636737,0.0009814195906312,0.0014206113202785
9,SimpleHome_XCS7_1003_WHT_Security_Camera,mirai.ack,1.0,0.9999160345937472,0.0768049155145929,0.0629800307219662,0.9999999331219384,0.9999932023227458,5.131219270993684e-05,6.064168229356172e-05
9,SimpleHome_XCS7_1003_WHT_Security_Camera,mirai.syn,1.0,0.9999020240204444,0.0768049155145929,0.0629800307219662,0.9999987374660426,0.9999927007142728,5.307032225932609e-05,5.715265474081271e-05
9,SimpleHome_XCS7_1003_WHT_Security_Camera,mirai.udp,1.0,0.9999554378549056,0.0768049155145929,0.0629800307219662,0.9999990938280788,0.9999968479559428,2.2281072547172218e-05,2.2281072547172218e-05
9,SimpleHome_XCS7_1003_WHT_Security_Camera,mirai.udpplain,1.0,0.9999763134208156,0.0768049155145929,0.0629800307219662,0.999999678599924,0.999996379701031,2.9608223980292767e-05,3.552986877635132e-05
9,SimpleHome_XCS7_1003_WHT_Security_Camera,gafgyt.combo,1.0,0.9996969594935856,0.0768049155145929,0.0629800307219662,0.9999948794998916,0.9999781473606486,0.0004159544301006,0.0004243722219455
9,SimpleHome_XCS7_1003_WHT_Security_Camera,gafgyt.junk,1.0,0.9998176047860504,0.0768049155145929,0.0629800307219662,0.9999942657111436,0.999983264095064,0.0001094371283697,0.0001276766497647
9,SimpleHome_XCS7_1003_WHT_Security_Camera,gafgyt.scan,1.0,0.999685006299874,0.0768049155145929,0.0629800307219662,0.9999896417842252,0.9999727245598458,0.0004135132351116,0.0005885097351816
9,SimpleHome_XCS7_1003_WHT_Security_Camera,gafgyt.tcp,0.9999082334947744,0.0003262809074687,0.0768049155145929,0.0629800307219662,0.9805482366063882,0.9293368881955628,0.0194558721857612,0.0706603656485659
9,SimpleHome_XCS7_1003_WHT_Security_Camera,gafgyt.udp,0.9995241794523207,0.0002330549621285,0.0768049155145929,0.0629800307219662,0.9805046729826988,0.929326694309873,0.0194586673007161,0.0706623644577459
